year,Per_capita_income_predictions(US$)
2020,41288.69409
2021,42117.15917
2022,42945.62424
2023,43774.08932
2024,44602.5544
2025,45431.01947
2026,46259.48455
2027,47087.94962
2028,47916.4147
2029,48744.87977
2030,49573.34485
